{
  "routes": [
    {
      "method": "GET",
      "path": "/acts",
      "handler": "act.find",
      "config": {
        "policies": []
      }
    },
    {
      "method": "GET",
      "path": "/acts/count",
      "handler": "act.count",
      "config": {
        "policies": []
      }
    },
    {
      "method": "GET",
      "path": "/acts/:id",
      "handler": "act.findOne",
      "config": {
        "policies": []
      }
    },
    {
      "method": "POST",
      "path": "/acts",
      "handler": "act.create",
      "config": {
        "policies": []
      }
    },
    {
      "method": "PUT",
      "path": "/acts/:id",
      "handler": "act.update",
      "config": {
        "policies": []
      }
    },
    {
      "method": "DELETE",
      "path": "/acts/:id",
      "handler": "act.delete",
      "config": {
        "policies": []
      }
    }
  ]
}
