{
  "kind": "collectionType",
  "collectionName": "devices",
  "info": {
    "name": "device"
  },
  "options": {
    "increments": true,
    "timestamps": true,
    "draftAndPublish": true
  },
  "pluginOptions": {},
  "attributes": {
    "type": {
      "type": "string"
    },
    "user_1": {
      "model": "user1",
      "via": "devices"
    },
    "be_used_ins": {
      "via": "devices",
      "collection": "be-used-in"
    },
    "acts": {
      "via": "devices",
      "collection": "act"
    }
  }
}
