{
  "routes": [
    {
      "method": "GET",
      "path": "/be-used-ins",
      "handler": "be-used-in.find",
      "config": {
        "policies": []
      }
    },
    {
      "method": "GET",
      "path": "/be-used-ins/count",
      "handler": "be-used-in.count",
      "config": {
        "policies": []
      }
    },
    {
      "method": "GET",
      "path": "/be-used-ins/:id",
      "handler": "be-used-in.findOne",
      "config": {
        "policies": []
      }
    },
    {
      "method": "POST",
      "path": "/be-used-ins",
      "handler": "be-used-in.create",
      "config": {
        "policies": []
      }
    },
    {
      "method": "PUT",
      "path": "/be-used-ins/:id",
      "handler": "be-used-in.update",
      "config": {
        "policies": []
      }
    },
    {
      "method": "DELETE",
      "path": "/be-used-ins/:id",
      "handler": "be-used-in.delete",
      "config": {
        "policies": []
      }
    }
  ]
}
