{
  "routes": [
    {
      "method": "GET",
      "path": "/farms",
      "handler": "farm.find",
      "config": {
        "policies": []
      }
    },
    {
      "method": "GET",
      "path": "/farms/count",
      "handler": "farm.count",
      "config": {
        "policies": []
      }
    },
    {
      "method": "GET",
      "path": "/farms/:id",
      "handler": "farm.findOne",
      "config": {
        "policies": []
      }
    },
    {
      "method": "POST",
      "path": "/farms",
      "handler": "farm.create",
      "config": {
        "policies": []
      }
    },
    {
      "method": "PUT",
      "path": "/farms/:id",
      "handler": "farm.update",
      "config": {
        "policies": []
      }
    },
    {
      "method": "DELETE",
      "path": "/farms/:id",
      "handler": "farm.delete",
      "config": {
        "policies": []
      }
    }
  ]
}
