{
  "routes": [
    {
      "method": "GET",
      "path": "/plants",
      "handler": "plant.find",
      "config": {
        "policies": []
      }
    },
    {
      "method": "GET",
      "path": "/plants/count",
      "handler": "plant.count",
      "config": {
        "policies": []
      }
    },
    {
      "method": "GET",
      "path": "/plants/:id",
      "handler": "plant.findOne",
      "config": {
        "policies": []
      }
    },
    {
      "method": "POST",
      "path": "/plants",
      "handler": "plant.create",
      "config": {
        "policies": []
      }
    },
    {
      "method": "PUT",
      "path": "/plants/:id",
      "handler": "plant.update",
      "config": {
        "policies": []
      }
    },
    {
      "method": "DELETE",
      "path": "/plants/:id",
      "handler": "plant.delete",
      "config": {
        "policies": []
      }
    }
  ]
}
