{
  "routes": [
    {
      "method": "GET",
      "path": "/user-1-s",
      "handler": "user1.find",
      "config": {
        "policies": []
      }
    },
    {
      "method": "GET",
      "path": "/user-1-s/count",
      "handler": "user1.count",
      "config": {
        "policies": []
      }
    },
    {
      "method": "GET",
      "path": "/user-1-s/:id",
      "handler": "user1.findOne",
      "config": {
        "policies": []
      }
    },
    {
      "method": "POST",
      "path": "/user-1-s",
      "handler": "user1.create",
      "config": {
        "policies": []
      }
    },
    {
      "method": "PUT",
      "path": "/user-1-s/:id",
      "handler": "user1.update",
      "config": {
        "policies": []
      }
    },
    {
      "method": "DELETE",
      "path": "/user-1-s/:id",
      "handler": "user1.delete",
      "config": {
        "policies": []
      }
    }
  ]
}
