{
  "routes": [
    {
      "method": "GET",
      "path": "/lands",
      "handler": "land.find",
      "config": {
        "policies": []
      }
    },
    {
      "method": "GET",
      "path": "/lands/count",
      "handler": "land.count",
      "config": {
        "policies": []
      }
    },
    {
      "method": "GET",
      "path": "/lands/:id",
      "handler": "land.findOne",
      "config": {
        "policies": []
      }
    },
    {
      "method": "POST",
      "path": "/lands",
      "handler": "land.create",
      "config": {
        "policies": []
      }
    },
    {
      "method": "PUT",
      "path": "/lands/:id",
      "handler": "land.update",
      "config": {
        "policies": []
      }
    },
    {
      "method": "DELETE",
      "path": "/lands/:id",
      "handler": "land.delete",
      "config": {
        "policies": []
      }
    }
  ]
}
