{
  "kind": "collectionType",
  "collectionName": "acts",
  "info": {
    "name": "ACT"
  },
  "options": {
    "increments": true,
    "timestamps": true,
    "draftAndPublish": true
  },
  "pluginOptions": {},
  "attributes": {
    "realtime": {
      "type": "datetime"
    },
    "measure": {
      "type": "string"
    },
    "value": {
      "type": "string"
    },
    "devices": {
      "collection": "device",
      "via": "acts",
      "dominant": true
    },
    "lands": {
      "collection": "land",
      "via": "acts",
      "dominant": true
    }
  }
}
