{
  "kind": "collectionType",
  "collectionName": "lands",
  "info": {
    "name": "land"
  },
  "options": {
    "increments": true,
    "timestamps": true,
    "draftAndPublish": true
  },
  "pluginOptions": {},
  "attributes": {
    "type": {
      "type": "string"
    },
    "name": {
      "type": "string"
    },
    "farm": {
      "model": "farm",
      "via": "lands"
    },
    "acts": {
      "via": "lands",
      "collection": "act"
    },
    "planteds": {
      "via": "lands",
      "collection": "planted"
    }
  }
}
