{
  "kind": "collectionType",
  "collectionName": "planteds",
  "info": {
    "name": "planted"
  },
  "options": {
    "increments": true,
    "timestamps": true,
    "draftAndPublish": true
  },
  "pluginOptions": {},
  "attributes": {
    "Temperature_Range": {
      "type": "string"
    },
    "HumidityRange": {
      "type": "string"
    },
    "start": {
      "type": "datetime"
    },
    "end": {
      "type": "datetime"
    },
    "LightOnTime": {
      "type": "string"
    },
    "comment": {
      "type": "string"
    },
    "lands": {
      "collection": "land",
      "via": "planteds",
      "dominant": true
    },
    "plants": {
      "via": "planteds",
      "collection": "plant"
    }
  }
}
