{
  "routes": [
    {
      "method": "GET",
      "path": "/planteds",
      "handler": "planted.find",
      "config": {
        "policies": []
      }
    },
    {
      "method": "GET",
      "path": "/planteds/count",
      "handler": "planted.count",
      "config": {
        "policies": []
      }
    },
    {
      "method": "GET",
      "path": "/planteds/:id",
      "handler": "planted.findOne",
      "config": {
        "policies": []
      }
    },
    {
      "method": "POST",
      "path": "/planteds",
      "handler": "planted.create",
      "config": {
        "policies": []
      }
    },
    {
      "method": "PUT",
      "path": "/planteds/:id",
      "handler": "planted.update",
      "config": {
        "policies": []
      }
    },
    {
      "method": "DELETE",
      "path": "/planteds/:id",
      "handler": "planted.delete",
      "config": {
        "policies": []
      }
    }
  ]
}
